PLAYER_NAME,TEAM,POS,CLUSH,SEP,TAY,TAY%,REC,TAR,CTCH%,YDS,TD,YAC/R,xYAC/R,+/-
Malik Nabers,NYG,WR,7.0,2.4,20.9,53.47,9,13,69.23,167,2,2.2,2.3,-0.1
Ja'Marr Chase,CIN,WR,7.2,3.6,7.0,32.23,14,16,87.5,165,1,6.4,3.8,2.5
Wan'Dale Robinson,NYG,WR,6.3,3.4,16.1,31.56,8,10,80.0,142,1,4.3,2.6,1.6
Rome Odunze,CHI,WR,6.2,2.4,17.8,62.32,7,11,63.64,128,2,5.6,4.5,1.1
Tucker Kraft,GB,TE,4.1,3.9,8.3,14.84,6,7,85.71,124,1,12.3,9.3,2.9
Amon-Ra St. Brown,DET,WR,5.4,2.3,8.8,36.79,9,11,81.82,115,3,4.9,4.2,0.7
CeeDee Lamb,DAL,WR,5.2,2.2,10.9,33.38,9,11,81.82,112,0,2.0,2.9,-0.9
Tyreek Hill,MIA,WR,6.0,2.7,16.9,47.56,6,7,85.71,109,0,1.9,1.8,0.2
Davante Adams,LAR,WR,4.2,1.9,12.0,57.85,6,13,46.15,106,1,5.6,4.1,1.5
Jaxon Smith-Njigba,SEA,WR,6.1,3.4,8.7,33.79,8,10,80.0,103,0,3.9,4.8,-0.8
Tetairoa McMillan,CAR,WR,4.6,2.4,10.7,26.44,6,10,60.0,100,0,7.5,6.0,1.5
Puka Nacua,LAR,WR,5.7,3.0,7.6,25.39,8,9,88.89,91,0,4.7,3.8,0.9
Cooper Kupp,SEA,WR,7.4,3.8,8.9,31.2,7,9,77.78,90,0,5.7,3.4,2.3
Troy Franklin,DEN,WR,6.9,4.3,6.3,38.35,8,9,88.89,89,1,6.4,7.0,-0.5
Jauan Jennings,SF,WR,4.5,2.4,9.1,36.46,5,10,50.0,89,1,10.3,6.4,3.9
Justin Jefferson,MIN,WR,5.0,3.8,17.3,41.53,3,6,50.0,81,0,7.4,7.4,0.0
Tyler Warren,IND,TE,6.2,2.9,7.0,15.12,4,7,57.14,79,0,13.7,12.6,1.1
Jake Ferguson,DAL,TE,5.2,3.6,6.0,19.9,9,12,75.0,78,0,3.3,3.9,-0.6
Trey McBride,ARI,TE,3.8,3.0,9.0,33.48,6,7,85.71,78,0,3.4,3.9,-0.5
Parker Washington,JAX,WR,6.8,3.3,5.4,8.57,5,5,100.0,76,0,9.8,4.6,5.2
Zay Flowers,BAL,WR,5.9,2.9,11.8,43.38,7,11,63.64,75,0,3.4,2.7,0.6
Quentin Johnston,LAC,WR,3.2,2.7,16.0,44.55,3,7,42.86,71,1,6.7,6.0,0.7
George Pickens,DAL,WR,6.2,2.2,12.7,31.94,5,9,55.56,68,1,5.0,2.7,2.3
Jakobi Meyers,LV,WR,5.7,3.2,9.1,33.99,6,12,50.0,68,0,8.1,5.7,2.4
Jaylen Waddle,MIA,WR,5.7,3.1,17.1,41.23,5,6,83.33,68,1,1.4,1.8,-0.5
Alec Pierce,IND,WR,3.6,1.1,15.8,24.38,4,5,80.0,68,0,1.5,1.9,-0.3
Zach Ertz,WAS,TE,7.4,2.7,5.9,16.73,6,8,75.0,64,1,4.2,3.4,0.8
Keenan Allen,LAC,WR,5.4,3.6,9.8,27.24,5,7,71.43,61,1,4.0,2.1,1.9
Travis Kelce,KC,TE,3.8,2.1,5.6,11.85,4,6,66.67,61,0,9.7,8.6,1.1
Tyquan Thornton,KC,WR,7.9,4.0,32.1,56.78,2,5,40.0,59,1,2.0,1.1,1.0
Calvin Ridley,TEN,WR,7.4,3.5,11.6,31.25,3,6,50.0,57,0,9.1,10.7,-1.6
Dyami Brown,JAX,WR,5.3,3.4,9.7,21.47,5,7,71.43,57,1,3.0,2.1,0.8
Ricky Pearsall,SF,WR,7.8,1.3,15.2,36.68,4,6,66.67,56,0,0.1,0.9,-0.8
Elic Ayomanor,TEN,WR,5.2,1.5,11.6,31.18,4,6,66.67,56,1,3.4,2.5,0.9
Mike Evans,TB,WR,4.4,1.8,13.7,55.27,5,11,45.45,56,0,2.1,2.1,0.0
Tee Higgins,CIN,WR,3.2,0.8,12.3,28.16,3,8,37.5,56,1,6.2,2.3,3.9
Ja'Tavion Sanders,CAR,TE,8.9,3.8,6.7,14.78,7,9,77.78,54,0,2.8,1.9,0.9
Chris Olave,NO,WR,7.1,3.3,12.4,50.53,6,10,60.0,54,0,1.0,2.7,-1.7
DeVonta Smith,PHI,WR,7.2,3.3,14.9,64.47,4,6,66.67,53,0,5.1,6.7,-1.6
Rashid Shaheed,NO,WR,5.2,3.4,10.8,21.98,4,5,80.0,52,1,4.1,4.6,-0.5
Nico Collins,HOU,WR,3.6,1.4,12.3,55.5,3,9,33.33,52,1,3.0,2.2,0.8
Jerry Jeudy,CLE,WR,6.6,1.9,13.0,39.21,4,8,50.0,51,0,2.0,2.0,-0.1
Josh Downs,IND,WR,5.0,1.6,8.1,20.08,6,8,75.0,51,0,2.0,2.0,0.1
Garrett Wilson,NYJ,WR,5.1,5.5,9.7,48.62,4,8,50.0,50,0,2.6,4.1,-1.4
Juwan Johnson,NO,TE,6.5,3.7,5.7,20.83,5,9,55.56,49,1,6.0,5.7,0.3
Brian Thomas Jr.,JAX,WR,4.1,2.7,14.1,53.07,4,12,33.33,49,0,0.9,3.0,-2.1
Brycen Tremayne,CAR,WR,9.9,1.9,12.3,15.19,3,5,60.0,48,0,3.9,2.3,1.6
Ladd McConkey,LAC,WR,8.9,5.7,6.6,13.06,5,5,100.0,48,0,3.0,3.3,-0.3
Terry McLaurin,WAS,WR,7.1,2.3,11.9,37.98,5,9,55.56,48,0,2.7,1.4,1.3
Hunter Renfrow,CAR,WR,6.8,3.1,7.7,17.16,7,9,77.78,48,2,1.8,2.3,-0.5
Harold Fannin Jr.,CLE,TE,4.2,3.2,5.3,10.03,5,5,100.0,48,0,4.3,3.2,1.1
DJ Moore,CHI,WR,5.2,3.8,5.4,10.25,5,6,83.33,46,0,3.4,4.8,-1.4
Deebo Samuel Sr.,WAS,WR,8.8,6.2,0.8,2.34,7,8,87.5,44,1,8.2,6.5,1.7
Dontayvion Wicks,GB,WR,7.1,1.3,20.1,30.77,4,6,66.67,44,0,-0.6,0.8,-1.3
David Njoku,CLE,TE,8.8,1.7,9.1,17.24,4,5,80.0,40,0,3.5,2.4,1.1
Michael Pittman,IND,WR,3.7,1.5,6.8,10.51,4,5,80.0,40,0,2.4,2.2,0.2
Brock Bowers,LV,TE,4.9,3.3,8.6,21.43,5,8,62.5,38,0,3.6,4.2,-0.6
Dalton Kincaid,BUF,TE,4.8,2.8,5.0,21.51,4,6,66.67,37,0,7.7,5.1,2.5
Kyle Pitts,ATL,TE,4.7,1.9,6.5,23.19,4,5,80.0,37,0,1.8,2.5,-0.7
Chig Okonkwo,TEN,TE,4.7,3.4,2.4,6.46,4,6,66.67,35,0,6.2,5.8,0.4
Theo Johnson,NYG,TE,6.4,2.8,7.3,7.16,4,5,80.0,34,0,2.6,4.6,-2.0
Stefon Diggs,NE,WR,6.4,3.1,6.7,24.21,4,5,80.0,32,0,3.1,2.7,0.4
Jalen Nailor,MIN,WR,7.9,2.5,16.8,33.71,3,5,60.0,31,0,0.1,0.7,-0.6
Jake Tonges,SF,TE,3.6,5.2,1.1,2.25,4,5,80.0,31,0,6.9,6.3,0.6
Marquise Brown,KC,WR,7.2,2.1,3.9,6.86,5,5,100.0,30,0,2.1,1.4,0.7
Emeka Egbuka,TB,WR,7.6,3.0,11.3,28.88,4,7,57.14,29,1,8.9,8.4,0.5
Romeo Doubs,GB,WR,4.4,2.9,16.5,21.0,3,5,60.0,28,1,5.5,6.1,-0.5
Marvin Harrison Jr.,ARI,WR,7.3,1.8,8.9,23.59,2,5,40.0,27,0,6.1,2.9,3.2
A.J. Brown,PHI,WR,3.6,2.0,7.4,42.59,5,8,62.5,27,0,0.9,1.5,-0.6
Cedric Tillman,CLE,WR,7.5,1.3,10.6,28.04,2,7,28.57,22,1,-0.7,0.1,-0.8
Travis Hunter,JAX,WR,6.6,3.9,5.4,10.22,3,6,50.0,22,0,7.6,8.6,-1.0
DK Metcalf,PIT,WR,4.1,1.1,7.4,21.39,3,6,50.0,20,1,1.7,1.5,0.2
Dawson Knox,BUF,TE,3.6,5.3,4.3,15.55,2,5,40.0,19,0,8.4,8.6,-0.2
Brenton Strange,JAX,TE,9.9,3.8,4.9,7.73,3,5,60.0,17,0,2.5,4.8,-2.3
Tre Tucker,LV,WR,8.5,1.6,8.8,21.87,3,8,37.5,12,0,2.6,3.5,-0.9
Andrei Iosivas,CIN,WR,4.7,1.8,11.7,16.78,1,5,20.0,12,0,0.8,1.4,-0.6
Olamide Zaccheaus,CHI,WR,3.8,1.8,8.4,13.36,2,5,40.0,12,0,1.6,1.9,-0.3
Noah Gray,KC,TE,5.2,2.7,8.5,15.02,1,5,20.0,1,0,3.2,3.8,-0.6
Chimere Dike,TEN,WR,7.0,3.8,8.9,19.92,2,5,40.0,-1,0,2.0,4.1,-2.1
Xavier Legette,CAR,WR,7.5,2.2,8.8,17.44,1,8,12.5,-2,0,1.3,3.7,-2.4
