draft_id,round,pick_no,roster_id,player_id,metadata,is_keeper
1257071160403709956,1,1,1,7564,"{""first_name"":""Ja'Marr"",""injury_status"":"""",""last_name"":""Chase"",""news_updated"":""1755575435724"",""number"":""1"",""player_id"":""7564"",""position"":""WR"",""sport"":""nfl"",""status"":""Active"",""team"":""CIN"",""team_abbr"":"""",""team_changed_at"":"""",""years_exp"":""4""}",
1257071160403709956,1,2,9,9509,"{""first_name"":""Bijan"",""injury_status"":"""",""last_name"":""Robinson"",""news_updated"":""1753579562669"",""number"":""7"",""player_id"":""9509"",""position"":""RB"",""sport"":""nfl"",""status"":""Active"",""team"":""ATL"",""team_abbr"":"""",""team_changed_at"":"""",""years_exp"":""2""}",
1257071160403709956,1,3,2,9221,"{""first_name"":""Jahmyr"",""injury_status"":"""",""last_name"":""Gibbs"",""news_updated"":""1752590430274"",""number"":""0"",""player_id"":""9221"",""position"":""RB"",""sport"":""nfl"",""status"":""Active"",""team"":""DET"",""team_abbr"":"""",""team_changed_at"":"""",""years_exp"":""2""}",
1257071160403709956,1,4,7,4866,"{""first_name"":""Saquon"",""injury_status"":"""",""last_name"":""Barkley"",""news_updated"":""1755918934747"",""number"":""26"",""player_id"":""4866"",""position"":""RB"",""sport"":""nfl"",""status"":""Active"",""team"":""PHI"",""team_abbr"":"""",""team_changed_at"":"""",""years_exp"":""7""}",
1257071160403709956,1,5,11,6794,"{""first_name"":""Justin"",""injury_status"":""Questionable"",""last_name"":""Jefferson"",""news_updated"":""1755547532093"",""number"":""18"",""player_id"":""6794"",""position"":""WR"",""sport"":""nfl"",""status"":""Active"",""team"":""MIN"",""team_abbr"":"""",""team_changed_at"":"""",""years_exp"":""5""}",
1257071160403709956,1,6,8,6786,"{""first_name"":""CeeDee"",""injury_status"":"""",""last_name"":""Lamb"",""news_updated"":""1755906033409"",""number"":""88"",""player_id"":""6786"",""position"":""WR"",""sport"":""nfl"",""status"":""Active"",""team"":""DAL"",""team_abbr"":"""",""team_changed_at"":"""",""years_exp"":""5""}",
1257071160403709956,1,7,6,11632,"{""first_name"":""Malik"",""injury_status"":""Questionable"",""last_name"":""Nabers"",""news_updated"":""1755623142341"",""number"":""1"",""player_id"":""11632"",""position"":""WR"",""sport"":""nfl"",""status"":""Active"",""team"":""NYG"",""team_abbr"":"""",""team_changed_at"":"""",""years_exp"":""1""}",
1257071160403709956,1,8,10,7547,"{""first_name"":""Amon-Ra"",""injury_status"":"""",""last_name"":""St. Brown"",""news_updated"":""1753119325430"",""number"":""14"",""player_id"":""7547"",""position"":""WR"",""sport"":""nfl"",""status"":""Active"",""team"":""DET"",""team_abbr"":"""",""team_changed_at"":"""",""years_exp"":""4""}",
1257071160403709956,1,9,3,3198,"{""first_name"":""Derrick"",""injury_status"":"""",""last_name"":""Henry"",""news_updated"":""1755977440793"",""number"":""22"",""player_id"":""3198"",""position"":""RB"",""sport"":""nfl"",""status"":""Active"",""team"":""BAL"",""team_abbr"":"""",""team_changed_at"":"""",""years_exp"":""9""}",
1257071160403709956,1,10,12,12527,"{""first_name"":""Ashton"",""injury_status"":"""",""last_name"":""Jeanty"",""news_updated"":""1756014044379"",""number"":""2"",""player_id"":""12527"",""position"":""RB"",""sport"":""nfl"",""status"":""Active"",""team"":""LV"",""team_abbr"":"""",""team_changed_at"":"""",""years_exp"":""0""}",
1257071160403709956,1,11,4,9493,"{""first_name"":""Puka"",""injury_status"":"""",""last_name"":""Nacua"",""news_updated"":""1753203934146"",""number"":""12"",""player_id"":""9493"",""position"":""WR"",""sport"":""nfl"",""status"":""Active"",""team"":""LAR"",""team_abbr"":"""",""team_changed_at"":"""",""years_exp"":""2""}",
1257071160403709956,1,12,5,4034,"{""first_name"":""Christian"",""injury_status"":"""",""last_name"":""McCaffrey"",""news_updated"":""1755993942807"",""number"":""23"",""player_id"":""4034"",""position"":""RB"",""sport"":""nfl"",""status"":""Active"",""team"":""SF"",""team_abbr"":"""",""team_changed_at"":"""",""years_exp"":""8""}",
1257071160403709956,2,13,5,11604,"{""first_name"":""Brock"",""injury_status"":"""",""last_name"":""Bowers"",""news_updated"":""1755392116426"",""number"":""89"",""player_id"":""11604"",""position"":""TE"",""sport"":""nfl"",""status"":""Active"",""team"":""LV"",""team_abbr"":"""",""team_changed_at"":"""",""years_exp"":""1""}",
1257071160403709956,2,14,4,5850,"{""first_name"":""Josh"",""injury_status"":"""",""last_name"":""Jacobs"",""news_updated"":""1755992442684"",""number"":""8"",""player_id"":""5850"",""position"":""RB"",""sport"":""nfl"",""status"":""Active"",""team"":""GB"",""team_abbr"":"""",""team_changed_at"":"""",""years_exp"":""6""}",
1257071160403709956,2,15,12,11584,"{""first_name"":""Bucky"",""injury_status"":"""",""last_name"":""Irving"",""news_updated"":""1755399617616"",""number"":""7"",""player_id"":""11584"",""position"":""RB"",""sport"":""nfl"",""status"":""Active"",""team"":""TB"",""team_abbr"":"""",""team_changed_at"":"""",""years_exp"":""1""}",
1257071160403709956,2,16,3,9226,"{""first_name"":""De'Von"",""injury_status"":""Questionable"",""last_name"":""Achane"",""news_updated"":""1756232708775"",""number"":""28"",""player_id"":""9226"",""position"":""RB"",""sport"":""nfl"",""status"":""Active"",""team"":""MIA"",""team_abbr"":"""",""team_changed_at"":"""",""years_exp"":""2""}",
1257071160403709956,2,17,10,8150,"{""first_name"":""Kyren"",""injury_status"":"""",""last_name"":""Williams"",""news_updated"":""1754410224695"",""number"":""23"",""player_id"":""8150"",""position"":""RB"",""sport"":""nfl"",""status"":""Active"",""team"":""LAR"",""team_abbr"":"""",""team_changed_at"":"""",""years_exp"":""3""}",
1257071160403709956,2,18,6,9224,"{""first_name"":""Chase"",""injury_status"":"""",""last_name"":""Brown"",""news_updated"":""1755567035327"",""number"":""30"",""player_id"":""9224"",""position"":""RB"",""sport"":""nfl"",""status"":""Active"",""team"":""CIN"",""team_abbr"":"""",""team_changed_at"":"""",""years_exp"":""2""}",
1257071160403709956,2,19,8,7569,"{""first_name"":""Nico"",""injury_status"":"""",""last_name"":""Collins"",""news_updated"":""1755381315510"",""number"":""12"",""player_id"":""7569"",""position"":""WR"",""sport"":""nfl"",""status"":""Active"",""team"":""HOU"",""team_abbr"":"""",""team_changed_at"":"""",""years_exp"":""4""}",
1257071160403709956,2,20,11,11631,"{""first_name"":""Brian"",""injury_status"":"""",""last_name"":""Thomas"",""news_updated"":""1755462624288"",""number"":""7"",""player_id"":""11631"",""position"":""WR"",""sport"":""nfl"",""status"":""Active"",""team"":""JAX"",""team_abbr"":"""",""team_changed_at"":"""",""years_exp"":""1""}",
1257071160403709956,2,21,7,4984,"{""first_name"":""Josh"",""injury_status"":"""",""last_name"":""Allen"",""news_updated"":""1755793823351"",""number"":""17"",""player_id"":""4984"",""position"":""QB"",""sport"":""nfl"",""status"":""Active"",""team"":""BUF"",""team_abbr"":"""",""team_changed_at"":"""",""years_exp"":""7""}",
1257071160403709956,2,22,2,5859,"{""first_name"":""A.J."",""injury_status"":""Questionable"",""last_name"":""Brown"",""news_updated"":""1755897332066"",""number"":""11"",""player_id"":""5859"",""position"":""WR"",""sport"":""nfl"",""status"":""Active"",""team"":""PHI"",""team_abbr"":"""",""team_changed_at"":"""",""years_exp"":""6""}",
1257071160403709956,2,23,9,4881,"{""first_name"":""Lamar"",""injury_status"":""Questionable"",""last_name"":""Jackson"",""news_updated"":""1756144804715"",""number"":""8"",""player_id"":""4881"",""position"":""QB"",""sport"":""nfl"",""status"":""Active"",""team"":""BAL"",""team_abbr"":"""",""team_changed_at"":"""",""years_exp"":""7""}",
1257071160403709956,2,24,1,6813,"{""first_name"":""Jonathan"",""injury_status"":"""",""last_name"":""Taylor"",""news_updated"":""1755430520126"",""number"":""28"",""player_id"":""6813"",""position"":""RB"",""sport"":""nfl"",""status"":""Active"",""team"":""IND"",""team_abbr"":"""",""team_changed_at"":"""",""years_exp"":""5""}",
1257071160403709956,3,25,1,8112,"{""first_name"":""Drake"",""injury_status"":"""",""last_name"":""London"",""news_updated"":""1746028232784"",""number"":""5"",""player_id"":""8112"",""position"":""WR"",""sport"":""nfl"",""status"":""Active"",""team"":""ATL"",""team_abbr"":"""",""team_changed_at"":"""",""years_exp"":""3""}",
1257071160403709956,3,26,9,8138,"{""first_name"":""James"",""injury_status"":"""",""last_name"":""Cook"",""news_updated"":""1755089151072"",""number"":""4"",""player_id"":""8138"",""position"":""RB"",""sport"":""nfl"",""status"":""Active"",""team"":""BUF"",""team_abbr"":"""",""team_changed_at"":"""",""years_exp"":""3""}",
1257071160403709956,3,27,2,8130,"{""first_name"":""Trey"",""injury_status"":"""",""last_name"":""McBride"",""news_updated"":""1754798756593"",""number"":""85"",""player_id"":""8130"",""position"":""TE"",""sport"":""nfl"",""status"":""Active"",""team"":""ARI"",""team_abbr"":"""",""team_changed_at"":"""",""years_exp"":""3""}",
1257071160403709956,3,28,7,11635,"{""first_name"":""Ladd"",""injury_status"":"""",""last_name"":""McConkey"",""news_updated"":""1755402317727"",""number"":""15"",""player_id"":""11635"",""position"":""WR"",""sport"":""nfl"",""status"":""Active"",""team"":""LAC"",""team_abbr"":"""",""team_changed_at"":"""",""years_exp"":""1""}",
1257071160403709956,3,29,11,11566,"{""first_name"":""Jayden"",""injury_status"":"""",""last_name"":""Daniels"",""news_updated"":""1755960338929"",""number"":""5"",""player_id"":""11566"",""position"":""QB"",""sport"":""nfl"",""status"":""Active"",""team"":""WAS"",""team_abbr"":"""",""team_changed_at"":"""",""years_exp"":""1""}",
1257071160403709956,3,30,8,12507,"{""first_name"":""Omarion"",""injury_status"":"""",""last_name"":""Hampton"",""news_updated"":""1755403217875"",""number"":""8"",""player_id"":""12507"",""position"":""RB"",""sport"":""nfl"",""status"":""Active"",""team"":""LAC"",""team_abbr"":"""",""team_changed_at"":"""",""years_exp"":""0""}",
1257071160403709956,3,31,6,4035,"{""first_name"":""Alvin"",""injury_status"":"""",""last_name"":""Kamara"",""news_updated"":""1755979240855"",""number"":""41"",""player_id"":""4035"",""position"":""RB"",""sport"":""nfl"",""status"":""Active"",""team"":""NO"",""team_abbr"":"""",""team_changed_at"":"""",""years_exp"":""8""}",
1257071160403709956,3,32,10,6904,"{""first_name"":""Jalen"",""injury_status"":"""",""last_name"":""Hurts"",""news_updated"":""1755918934751"",""number"":""1"",""player_id"":""6904"",""position"":""QB"",""sport"":""nfl"",""status"":""Active"",""team"":""PHI"",""team_abbr"":"""",""team_changed_at"":"""",""years_exp"":""5""}",
1257071160403709956,3,33,3,6770,"{""first_name"":""Joe"",""injury_status"":"""",""last_name"":""Burrow"",""news_updated"":""1755718514841"",""number"":""9"",""player_id"":""6770"",""position"":""QB"",""sport"":""nfl"",""status"":""Active"",""team"":""CIN"",""team_abbr"":"""",""team_changed_at"":"""",""years_exp"":""5""}",
1257071160403709956,3,34,12,9488,"{""first_name"":""Jaxon"",""injury_status"":"""",""last_name"":""Smith-Njigba"",""news_updated"":""1755320408757"",""number"":""11"",""player_id"":""9488"",""position"":""WR"",""sport"":""nfl"",""status"":""Active"",""team"":""SEA"",""team_abbr"":"""",""team_changed_at"":"""",""years_exp"":""2""}",
1257071160403709956,3,35,4,8155,"{""first_name"":""Breece"",""injury_status"":"""",""last_name"":""Hall"",""news_updated"":""1755401417622"",""number"":""20"",""player_id"":""8155"",""position"":""RB"",""sport"":""nfl"",""status"":""Active"",""team"":""NYJ"",""team_abbr"":"""",""team_changed_at"":"""",""years_exp"":""3""}",
1257071160403709956,3,36,5,3321,"{""first_name"":""Tyreek"",""injury_status"":""Questionable"",""last_name"":""Hill"",""news_updated"":""1756241408838"",""number"":""10"",""player_id"":""3321"",""position"":""WR"",""sport"":""nfl"",""status"":""Active"",""team"":""MIA"",""team_abbr"":"""",""team_changed_at"":"""",""years_exp"":""9""}",
1257071160403709956,4,37,5,11628,"{""first_name"":""Marvin"",""injury_status"":"""",""last_name"":""Harrison"",""news_updated"":""1755577535916"",""number"":""18"",""player_id"":""11628"",""position"":""WR"",""sport"":""nfl"",""status"":""Active"",""team"":""ARI"",""team_abbr"":"""",""team_changed_at"":"""",""years_exp"":""1""}",
1257071160403709956,4,38,4,6801,"{""first_name"":""Tee"",""injury_status"":"""",""last_name"":""Higgins"",""news_updated"":""1755804324165"",""number"":""5"",""player_id"":""6801"",""position"":""WR"",""sport"":""nfl"",""status"":""Active"",""team"":""CIN"",""team_abbr"":"""",""team_changed_at"":"""",""years_exp"":""5""}",
1257071160403709956,4,39,12,2216,"{""first_name"":""Mike"",""injury_status"":"""",""last_name"":""Evans"",""news_updated"":""1755234353488"",""number"":""13"",""player_id"":""2216"",""position"":""WR"",""sport"":""nfl"",""status"":""Active"",""team"":""TB"",""team_abbr"":"""",""team_changed_at"":"""",""years_exp"":""11""}",
1257071160403709956,4,40,3,8146,"{""first_name"":""Garrett"",""injury_status"":"""",""last_name"":""Wilson"",""news_updated"":""1755402017676"",""number"":""5"",""player_id"":""8146"",""position"":""WR"",""sport"":""nfl"",""status"":""Active"",""team"":""NYJ"",""team_abbr"":"""",""team_changed_at"":"""",""years_exp"":""3""}",
1257071160403709956,4,41,10,4137,"{""first_name"":""James"",""injury_status"":"""",""last_name"":""Conner"",""news_updated"":""1754800856721"",""number"":""6"",""player_id"":""4137"",""position"":""RB"",""sport"":""nfl"",""status"":""Active"",""team"":""ARI"",""team_abbr"":"""",""team_changed_at"":"""",""years_exp"":""8""}",
1257071160403709956,4,42,6,4217,"{""first_name"":""George"",""injury_status"":"""",""last_name"":""Kittle"",""news_updated"":""1755994842967"",""number"":""85"",""player_id"":""4217"",""position"":""TE"",""sport"":""nfl"",""status"":""Active"",""team"":""SF"",""team_abbr"":"""",""team_changed_at"":"""",""years_exp"":""8""}",
1257071160403709956,4,43,8,8151,"{""first_name"":""Kenneth"",""injury_status"":"""",""last_name"":""Walker"",""news_updated"":""1755852029305"",""number"":""9"",""player_id"":""8151"",""position"":""RB"",""sport"":""nfl"",""status"":""Active"",""team"":""SEA"",""team_abbr"":"""",""team_changed_at"":"""",""years_exp"":""3""}",
1257071160403709956,4,44,11,7594,"{""first_name"":""Chuba"",""injury_status"":"""",""last_name"":""Hubbard"",""news_updated"":""1755375314608"",""number"":""30"",""player_id"":""7594"",""position"":""RB"",""sport"":""nfl"",""status"":""Active"",""team"":""CAR"",""team_abbr"":"""",""team_changed_at"":"""",""years_exp"":""4""}",
1257071160403709956,4,45,7,5846,"{""first_name"":""DK"",""injury_status"":"""",""last_name"":""Metcalf"",""news_updated"":""1755197444442"",""number"":""4"",""player_id"":""5846"",""position"":""WR"",""sport"":""nfl"",""status"":""Active"",""team"":""PIT"",""team_abbr"":"""",""team_changed_at"":"""",""years_exp"":""6""}",
1257071160403709956,4,46,2,2133,"{""first_name"":""Davante"",""injury_status"":"""",""last_name"":""Adams"",""news_updated"":""1749682846880"",""number"":""17"",""player_id"":""2133"",""position"":""WR"",""sport"":""nfl"",""status"":""Active"",""team"":""LAR"",""team_abbr"":"""",""team_changed_at"":"""",""years_exp"":""11""}",
1257071160403709956,4,47,9,10859,"{""first_name"":""Sam"",""injury_status"":"""",""last_name"":""LaPorta"",""news_updated"":""1755623140967"",""number"":""87"",""player_id"":""10859"",""position"":""TE"",""sport"":""nfl"",""status"":""Active"",""team"":""DET"",""team_abbr"":"""",""team_changed_at"":"""",""years_exp"":""2""}",
1257071160403709956,4,48,1,12529,"{""first_name"":""TreVeyon"",""injury_status"":"""",""last_name"":""Henderson"",""news_updated"":""1755386115774"",""number"":""32"",""player_id"":""12529"",""position"":""RB"",""sport"":""nfl"",""status"":""Active"",""team"":""NE"",""team_abbr"":"""",""team_changed_at"":"""",""years_exp"":""0""}",
1257071160403709956,5,49,1,5045,"{""first_name"":""Courtland"",""injury_status"":"""",""last_name"":""Sutton"",""news_updated"":""1755987341847"",""number"":""14"",""player_id"":""5045"",""position"":""WR"",""sport"":""nfl"",""status"":""Active"",""team"":""DEN"",""team_abbr"":"""",""team_changed_at"":"""",""years_exp"":""7""}",
1257071160403709956,5,50,9,5927,"{""first_name"":""Terry"",""injury_status"":"""",""last_name"":""McLaurin"",""news_updated"":""1756137355259"",""number"":""17"",""player_id"":""5927"",""position"":""WR"",""sport"":""nfl"",""status"":""Active"",""team"":""WAS"",""team_abbr"":"""",""team_changed_at"":"""",""years_exp"":""6""}",
1257071160403709956,5,51,2,8205,"{""first_name"":""Isiah"",""injury_status"":"""",""last_name"":""Pacheco"",""news_updated"":""1755923135269"",""number"":""10"",""player_id"":""8205"",""position"":""RB"",""sport"":""nfl"",""status"":""Active"",""team"":""KC"",""team_abbr"":"""",""team_changed_at"":"""",""years_exp"":""3""}",
1257071160403709956,5,52,7,5892,"{""first_name"":""David"",""injury_status"":"""",""last_name"":""Montgomery"",""news_updated"":""1753206919287"",""number"":""5"",""player_id"":""5892"",""position"":""RB"",""sport"":""nfl"",""status"":""Active"",""team"":""DET"",""team_abbr"":"""",""team_changed_at"":"""",""years_exp"":""6""}",
1257071160403709956,5,53,11,4983,"{""first_name"":""DJ"",""injury_status"":"""",""last_name"":""Moore"",""news_updated"":""1756157104476"",""number"":""2"",""player_id"":""4983"",""position"":""WR"",""sport"":""nfl"",""status"":""Active"",""team"":""CHI"",""team_abbr"":"""",""team_changed_at"":"""",""years_exp"":""7""}",
1257071160403709956,5,54,8,4199,"{""first_name"":""Aaron"",""injury_status"":"""",""last_name"":""Jones"",""news_updated"":""1754769352726"",""number"":""33"",""player_id"":""4199"",""position"":""RB"",""sport"":""nfl"",""status"":""Active"",""team"":""MIN"",""team_abbr"":"""",""team_changed_at"":"""",""years_exp"":""8""}",
1257071160403709956,5,55,6,4046,"{""first_name"":""Patrick"",""injury_status"":"""",""last_name"":""Mahomes"",""news_updated"":""1755937835960"",""number"":""15"",""player_id"":""4046"",""position"":""QB"",""sport"":""nfl"",""status"":""Active"",""team"":""KC"",""team_abbr"":"""",""team_changed_at"":"""",""years_exp"":""8""}",
1257071160403709956,5,56,10,9997,"{""first_name"":""Zay"",""injury_status"":"""",""last_name"":""Flowers"",""news_updated"":""1755852029326"",""number"":""4"",""player_id"":""9997"",""position"":""WR"",""sport"":""nfl"",""status"":""Active"",""team"":""BAL"",""team_abbr"":"""",""team_changed_at"":"""",""years_exp"":""2""}",
1257071160403709956,5,57,3,7525,"{""first_name"":""DeVonta"",""injury_status"":""Questionable"",""last_name"":""Smith"",""news_updated"":""1755613840880"",""number"":""6"",""player_id"":""7525"",""position"":""WR"",""sport"":""nfl"",""status"":""Active"",""team"":""PHI"",""team_abbr"":"""",""team_changed_at"":"""",""years_exp"":""4""}",
1257071160403709956,5,58,12,5844,"{""first_name"":""T.J."",""injury_status"":"""",""last_name"":""Hockenson"",""news_updated"":""1754793356010"",""number"":""87"",""player_id"":""5844"",""position"":""TE"",""sport"":""nfl"",""status"":""Active"",""team"":""MIN"",""team_abbr"":"""",""team_changed_at"":"""",""years_exp"":""6""}",
1257071160403709956,5,59,4,10229,"{""first_name"":""Rashee"",""injury_status"":"""",""last_name"":""Rice"",""news_updated"":""1755544833510"",""number"":""4"",""player_id"":""10229"",""position"":""WR"",""sport"":""nfl"",""status"":""Active"",""team"":""KC"",""team_abbr"":"""",""team_changed_at"":"""",""years_exp"":""2""}",
1257071160403709956,5,60,5,12489,"{""first_name"":""RJ"",""injury_status"":"""",""last_name"":""Harvey"",""news_updated"":""1755988542187"",""number"":""37"",""player_id"":""12489"",""position"":""RB"",""sport"":""nfl"",""status"":""Active"",""team"":""DEN"",""team_abbr"":"""",""team_changed_at"":"""",""years_exp"":""0""}",
1257071160403709956,6,61,5,6790,"{""first_name"":""D'Andre"",""injury_status"":"""",""last_name"":""Swift"",""news_updated"":""1755924935564"",""number"":""4"",""player_id"":""6790"",""position"":""RB"",""sport"":""nfl"",""status"":""Active"",""team"":""CHI"",""team_abbr"":"""",""team_changed_at"":"""",""years_exp"":""5""}",
1257071160403709956,6,62,4,4892,"{""first_name"":""Baker"",""injury_status"":"""",""last_name"":""Mayfield"",""news_updated"":""1755808224297"",""number"":""6"",""player_id"":""4892"",""position"":""QB"",""sport"":""nfl"",""status"":""Active"",""team"":""TB"",""team_abbr"":"""",""team_changed_at"":"""",""years_exp"":""7""}",
1257071160403709956,6,63,12,12526,"{""first_name"":""Tetairoa"",""injury_status"":""Questionable"",""last_name"":""McMillan"",""news_updated"":""1756236609329"",""number"":""4"",""player_id"":""12526"",""position"":""WR"",""sport"":""nfl"",""status"":""Active"",""team"":""CAR"",""team_abbr"":"""",""team_changed_at"":"""",""years_exp"":""0""}",
1257071160403709956,6,64,3,5967,"{""first_name"":""Tony"",""injury_status"":"""",""last_name"":""Pollard"",""news_updated"":""1756239609380"",""number"":""20"",""player_id"":""5967"",""position"":""RB"",""sport"":""nfl"",""status"":""Active"",""team"":""TEN"",""team_abbr"":"""",""team_changed_at"":"""",""years_exp"":""6""}",
1257071160403709956,6,65,10,1466,"{""first_name"":""Travis"",""injury_status"":"""",""last_name"":""Kelce"",""news_updated"":""1755938736068"",""number"":""87"",""player_id"":""1466"",""position"":""TE"",""sport"":""nfl"",""status"":""Active"",""team"":""KC"",""team_abbr"":"""",""team_changed_at"":"""",""years_exp"":""12""}",
1257071160403709956,6,66,6,8137,"{""first_name"":""George"",""injury_status"":"""",""last_name"":""Pickens"",""news_updated"":""1755098451938"",""number"":""3"",""player_id"":""8137"",""position"":""WR"",""sport"":""nfl"",""status"":""Active"",""team"":""DAL"",""team_abbr"":"""",""team_changed_at"":"""",""years_exp"":""3""}",
1257071160403709956,6,67,8,12530,"{""first_name"":""Travis"",""injury_status"":""Questionable"",""last_name"":""Hunter"",""news_updated"":""1755803724074"",""number"":""12"",""player_id"":""12530"",""position"":""WR"",""sport"":""nfl"",""status"":""Active"",""team"":""JAX"",""team_abbr"":"""",""team_changed_at"":"""",""years_exp"":""0""}",
1257071160403709956,6,68,11,8148,"{""first_name"":""Jameson"",""injury_status"":"""",""last_name"":""Williams"",""news_updated"":""1748128235842"",""number"":""1"",""player_id"":""8148"",""position"":""WR"",""sport"":""nfl"",""status"":""Active"",""team"":""DET"",""team_abbr"":"""",""team_changed_at"":"""",""years_exp"":""3""}",
1257071160403709956,6,69,7,11624,"{""first_name"":""Xavier"",""injury_status"":"""",""last_name"":""Worthy"",""news_updated"":""1755926435538"",""number"":""1"",""player_id"":""11624"",""position"":""WR"",""sport"":""nfl"",""status"":""Active"",""team"":""KC"",""team_abbr"":"""",""team_changed_at"":"""",""years_exp"":""1""}",
1257071160403709956,6,70,2,11563,"{""first_name"":""Bo"",""injury_status"":"""",""last_name"":""Nix"",""news_updated"":""1755982841550"",""number"":""10"",""player_id"":""11563"",""position"":""QB"",""sport"":""nfl"",""status"":""Active"",""team"":""DEN"",""team_abbr"":"""",""team_changed_at"":"""",""years_exp"":""1""}",
1257071160403709956,6,71,9,7526,"{""first_name"":""Jaylen"",""injury_status"":"""",""last_name"":""Waddle"",""news_updated"":""1756004143733"",""number"":""17"",""player_id"":""7526"",""position"":""WR"",""sport"":""nfl"",""status"":""Active"",""team"":""MIA"",""team_abbr"":"""",""team_changed_at"":"""",""years_exp"":""4""}",
1257071160403709956,6,72,1,4981,"{""first_name"":""Calvin"",""injury_status"":""Questionable"",""last_name"":""Ridley"",""news_updated"":""1756135855640"",""number"":""0"",""player_id"":""4981"",""position"":""WR"",""sport"":""nfl"",""status"":""Active"",""team"":""TEN"",""team_abbr"":"""",""team_changed_at"":"""",""years_exp"":""7""}",
1257071160403709956,7,73,1,12517,"{""first_name"":""Colston"",""injury_status"":"""",""last_name"":""Loveland"",""news_updated"":""1755490827058"",""number"":""84"",""player_id"":""12517"",""position"":""TE"",""sport"":""nfl"",""status"":""Active"",""team"":""CHI"",""team_abbr"":"""",""team_changed_at"":"""",""years_exp"":""0""}",
1257071160403709956,7,74,9,8144,"{""first_name"":""Chris"",""injury_status"":"""",""last_name"":""Olave"",""news_updated"":""1755989742502"",""number"":""12"",""player_id"":""8144"",""position"":""WR"",""sport"":""nfl"",""status"":""Active"",""team"":""NO"",""team_abbr"":"""",""team_changed_at"":"""",""years_exp"":""3""}",
1257071160403709956,7,75,2,6783,"{""first_name"":""Jerry"",""injury_status"":"""",""last_name"":""Jeudy"",""news_updated"":""1755362412515"",""number"":""3"",""player_id"":""6783"",""position"":""WR"",""sport"":""nfl"",""status"":""Active"",""team"":""CLE"",""team_abbr"":"""",""team_changed_at"":"""",""years_exp"":""5""}",
1257071160403709956,7,76,7,5947,"{""first_name"":""Jakobi"",""injury_status"":"""",""last_name"":""Meyers"",""news_updated"":""1756236008253"",""number"":""16"",""player_id"":""5947"",""position"":""WR"",""sport"":""nfl"",""status"":""Active"",""team"":""LV"",""team_abbr"":"""",""team_changed_at"":"""",""years_exp"":""6""}",
1257071160403709956,7,77,11,12504,"{""first_name"":""Kaleb"",""injury_status"":"""",""last_name"":""Johnson"",""news_updated"":""1755834026510"",""number"":""20"",""player_id"":""12504"",""position"":""RB"",""sport"":""nfl"",""status"":""Active"",""team"":""PIT"",""team_abbr"":"""",""team_changed_at"":"""",""years_exp"":""0""}",
1257071160403709956,7,78,8,11620,"{""first_name"":""Rome"",""injury_status"":"""",""last_name"":""Odunze"",""news_updated"":""1755925235632"",""number"":""15"",""player_id"":""11620"",""position"":""WR"",""sport"":""nfl"",""status"":""Active"",""team"":""CHI"",""team_abbr"":"""",""team_changed_at"":"""",""years_exp"":""1""}",
1257071160403709956,7,79,6,12514,"{""first_name"":""Emeka"",""injury_status"":"""",""last_name"":""Egbuka"",""news_updated"":""1755628241650"",""number"":""9"",""player_id"":""12514"",""position"":""WR"",""sport"":""nfl"",""status"":""Active"",""team"":""TB"",""team_abbr"":"""",""team_changed_at"":"""",""years_exp"":""0""}",
1257071160403709956,7,80,10,5872,"{""first_name"":""Deebo"",""injury_status"":"""",""last_name"":""Samuel"",""news_updated"":""1755960638941"",""number"":""1"",""player_id"":""5872"",""position"":""WR"",""sport"":""nfl"",""status"":""Active"",""team"":""WAS"",""team_abbr"":"""",""team_changed_at"":"""",""years_exp"":""6""}",
1257071160403709956,7,81,3,4066,"{""first_name"":""Evan"",""injury_status"":"""",""last_name"":""Engram"",""news_updated"":""1755988842214"",""number"":""1"",""player_id"":""4066"",""position"":""TE"",""sport"":""nfl"",""status"":""Active"",""team"":""DEN"",""team_abbr"":"""",""team_changed_at"":"""",""years_exp"":""8""}",
1257071160403709956,7,82,12,12512,"{""first_name"":""Quinshon"",""injury_status"":"""",""last_name"":""Judkins"",""news_updated"":""1755546633438"",""number"":""10"",""player_id"":""12512"",""position"":""RB"",""sport"":""nfl"",""status"":""Active"",""team"":""CLE"",""team_abbr"":"""",""team_changed_at"":"""",""years_exp"":""0""}",
1257071160403709956,7,83,4,5012,"{""first_name"":""Mark"",""injury_status"":""Questionable"",""last_name"":""Andrews"",""news_updated"":""1756163106168"",""number"":""89"",""player_id"":""5012"",""position"":""TE"",""sport"":""nfl"",""status"":""Active"",""team"":""BAL"",""team_abbr"":"""",""team_changed_at"":"""",""years_exp"":""7""}",
1257071160403709956,7,84,5,2449,"{""first_name"":""Stefon"",""injury_status"":""Questionable"",""last_name"":""Diggs"",""news_updated"":""1756148403445"",""number"":""8"",""player_id"":""2449"",""position"":""WR"",""sport"":""nfl"",""status"":""Active"",""team"":""NE"",""team_abbr"":"""",""team_changed_at"":"""",""years_exp"":""10""}",
1257071160403709956,8,85,5,11560,"{""first_name"":""Caleb"",""injury_status"":"""",""last_name"":""Williams"",""news_updated"":""1755922235143"",""number"":""18"",""player_id"":""11560"",""position"":""QB"",""sport"":""nfl"",""status"":""Active"",""team"":""CHI"",""team_abbr"":"""",""team_changed_at"":"""",""years_exp"":""1""}",
1257071160403709956,8,86,4,11655,"{""first_name"":""Tyrone"",""injury_status"":"""",""last_name"":""Tracy"",""news_updated"":""1755397817469"",""number"":""29"",""player_id"":""11655"",""position"":""RB"",""sport"":""nfl"",""status"":""Active"",""team"":""NYG"",""team_abbr"":"""",""team_changed_at"":"""",""years_exp"":""1""}",
1257071160403709956,8,87,12,4018,"{""first_name"":""Joe"",""injury_status"":""PUP"",""last_name"":""Mixon"",""news_updated"":""1756247110677"",""number"":""28"",""player_id"":""4018"",""position"":""RB"",""sport"":""nfl"",""status"":""Active"",""team"":""HOU"",""team_abbr"":"""",""team_changed_at"":"""",""years_exp"":""8""}",
1257071160403709956,8,88,3,12501,"{""first_name"":""Matthew"",""injury_status"":"""",""last_name"":""Golden"",""news_updated"":""1755993342590"",""number"":""22"",""player_id"":""12501"",""position"":""WR"",""sport"":""nfl"",""status"":""Active"",""team"":""GB"",""team_abbr"":"""",""team_changed_at"":"""",""years_exp"":""0""}",
1257071160403709956,8,89,10,4039,"{""first_name"":""Cooper"",""injury_status"":"""",""last_name"":""Kupp"",""news_updated"":""1755322209070"",""number"":""10"",""player_id"":""4039"",""position"":""WR"",""sport"":""nfl"",""status"":""Active"",""team"":""SEA"",""team_abbr"":"""",""team_changed_at"":"""",""years_exp"":""8""}",
1257071160403709956,8,90,6,7543,"{""first_name"":""Travis"",""injury_status"":"""",""last_name"":""Etienne"",""news_updated"":""1755462924270"",""number"":""1"",""player_id"":""7543"",""position"":""RB"",""sport"":""nfl"",""status"":""Active"",""team"":""JAX"",""team_abbr"":"""",""team_changed_at"":"""",""years_exp"":""4""}",
1257071160403709956,8,91,8,3163,"{""first_name"":""Jared"",""injury_status"":"""",""last_name"":""Goff"",""news_updated"":""1754678143297"",""number"":""16"",""player_id"":""3163"",""position"":""QB"",""sport"":""nfl"",""status"":""Active"",""team"":""DET"",""team_abbr"":"""",""team_changed_at"":"""",""years_exp"":""9""}",
1257071160403709956,8,92,11,4033,"{""first_name"":""David"",""injury_status"":"""",""last_name"":""Njoku"",""news_updated"":""1756035645379"",""number"":""85"",""player_id"":""4033"",""position"":""TE"",""sport"":""nfl"",""status"":""Active"",""team"":""CLE"",""team_abbr"":"""",""team_changed_at"":"""",""years_exp"":""8""}",
1257071160403709956,8,93,7,10236,"{""first_name"":""Dalton"",""injury_status"":"""",""last_name"":""Kincaid"",""news_updated"":""1754776854208"",""number"":""86"",""player_id"":""10236"",""position"":""TE"",""sport"":""nfl"",""status"":""Active"",""team"":""BUF"",""team_abbr"":"""",""team_changed_at"":"""",""years_exp"":""2""}",
1257071160403709956,8,94,2,11638,"{""first_name"":""Ricky"",""injury_status"":"""",""last_name"":""Pearsall"",""news_updated"":""1755395417128"",""number"":""1"",""player_id"":""11638"",""position"":""WR"",""sport"":""nfl"",""status"":""Active"",""team"":""SF"",""team_abbr"":"""",""team_changed_at"":"""",""years_exp"":""1""}",
1257071160403709956,8,95,9,9756,"{""first_name"":""Jordan"",""injury_status"":""Sus"",""last_name"":""Addison"",""news_updated"":""1755730816621"",""number"":""3"",""player_id"":""9756"",""position"":""WR"",""sport"":""nfl"",""status"":""Active"",""team"":""MIN"",""team_abbr"":"""",""team_changed_at"":"""",""years_exp"":""2""}",
1257071160403709956,8,96,1,4988,"{""first_name"":""Nick"",""injury_status"":"""",""last_name"":""Chubb"",""news_updated"":""1756153504800"",""number"":""21"",""player_id"":""4988"",""position"":""RB"",""sport"":""nfl"",""status"":""Active"",""team"":""HOU"",""team_abbr"":"""",""team_changed_at"":"""",""years_exp"":""7""}",
1257071160403709956,9,97,1,7588,"{""first_name"":""Javonte"",""injury_status"":"""",""last_name"":""Williams"",""news_updated"":""1754931611640"",""number"":""33"",""player_id"":""7588"",""position"":""RB"",""sport"":""nfl"",""status"":""Active"",""team"":""DAL"",""team_abbr"":"""",""team_changed_at"":"""",""years_exp"":""4""}",
1257071160403709956,9,98,9,8154,"{""first_name"":""Brian"",""injury_status"":"""",""last_name"":""Robinson"",""news_updated"":""1755880530600"",""number"":""8"",""player_id"":""8154"",""position"":""RB"",""sport"":""nfl"",""status"":""Active"",""team"":""SF"",""team_abbr"":"""",""team_changed_at"":"""",""years_exp"":""3""}",
1257071160403709956,9,99,2,11533,"{""first_name"":""Brandon"",""injury_status"":"""",""last_name"":""Aubrey"",""news_updated"":""1755951037881"",""number"":""17"",""player_id"":""11533"",""position"":""K"",""sport"":""nfl"",""status"":""Active"",""team"":""DAL"",""team_abbr"":"""",""team_changed_at"":"""",""years_exp"":""2""}",
1257071160403709956,9,100,7,12481,"{""first_name"":""Cam"",""injury_status"":"""",""last_name"":""Skattebo"",""news_updated"":""1755836126445"",""number"":""44"",""player_id"":""12481"",""position"":""RB"",""sport"":""nfl"",""status"":""Active"",""team"":""NYG"",""team_abbr"":"""",""team_changed_at"":"""",""years_exp"":""0""}",
1257071160403709956,9,101,11,8228,"{""first_name"":""Jaylen"",""injury_status"":"""",""last_name"":""Warren"",""news_updated"":""1755833126257"",""number"":""30"",""player_id"":""8228"",""position"":""RB"",""sport"":""nfl"",""status"":""Active"",""team"":""PIT"",""team_abbr"":"""",""team_changed_at"":"""",""years_exp"":""3""}",
1257071160403709956,9,102,8,9484,"{""first_name"":""Tucker"",""injury_status"":"""",""last_name"":""Kraft"",""news_updated"":""1754469643813"",""number"":""85"",""player_id"":""9484"",""position"":""TE"",""sport"":""nfl"",""status"":""Active"",""team"":""GB"",""team_abbr"":"""",""team_changed_at"":"""",""years_exp"":""2""}",
1257071160403709956,9,103,6,8134,"{""first_name"":""Khalil"",""injury_status"":""Questionable"",""last_name"":""Shakir"",""news_updated"":""1754583341443"",""number"":""10"",""player_id"":""8134"",""position"":""WR"",""sport"":""nfl"",""status"":""Active"",""team"":""BUF"",""team_abbr"":"""",""team_changed_at"":"""",""years_exp"":""3""}",
1257071160403709956,9,104,10,4663,"{""first_name"":""Austin"",""injury_status"":"""",""last_name"":""Ekeler"",""news_updated"":""1755964239663"",""number"":""30"",""player_id"":""4663"",""position"":""RB"",""sport"":""nfl"",""status"":""Active"",""team"":""WAS"",""team_abbr"":"""",""team_changed_at"":"""",""years_exp"":""8""}",
1257071160403709956,9,105,3,4037,"{""first_name"":""Chris"",""injury_status"":""Questionable"",""last_name"":""Godwin"",""news_updated"":""1756254019464"",""number"":""14"",""player_id"":""4037"",""position"":""WR"",""sport"":""nfl"",""status"":""Active"",""team"":""TB"",""team_abbr"":"""",""team_changed_at"":"""",""years_exp"":""8""}",
1257071160403709956,9,106,12,7049,"{""first_name"":""Jauan"",""injury_status"":""Questionable"",""last_name"":""Jennings"",""news_updated"":""1756245610821"",""number"":""15"",""player_id"":""7049"",""position"":""WR"",""sport"":""nfl"",""status"":""Active"",""team"":""SF"",""team_abbr"":"""",""team_changed_at"":"""",""years_exp"":""5""}",
1257071160403709956,9,107,4,12518,"{""first_name"":""Tyler"",""injury_status"":"""",""last_name"":""Warren"",""news_updated"":""1755383715583"",""number"":""84"",""player_id"":""12518"",""position"":""TE"",""sport"":""nfl"",""status"":""Active"",""team"":""IND"",""team_abbr"":"""",""team_changed_at"":"""",""years_exp"":""0""}",
1257071160403709956,9,108,5,10222,"{""first_name"":""Jayden"",""injury_status"":""Questionable"",""last_name"":""Reed"",""news_updated"":""1755197443463"",""number"":""11"",""player_id"":""10222"",""position"":""WR"",""sport"":""nfl"",""status"":""Active"",""team"":""GB"",""team_abbr"":"""",""team_changed_at"":"""",""years_exp"":""2""}",
1257071160403709956,10,109,5,6819,"{""first_name"":""Michael"",""injury_status"":"""",""last_name"":""Pittman"",""news_updated"":""1755630941100"",""number"":""11"",""player_id"":""6819"",""position"":""WR"",""sport"":""nfl"",""status"":""Active"",""team"":""IND"",""team_abbr"":"""",""team_changed_at"":"""",""years_exp"":""5""}",
1257071160403709956,10,110,4,6806,"{""first_name"":""J.K."",""injury_status"":"""",""last_name"":""Dobbins"",""news_updated"":""1755401716725"",""number"":""27"",""player_id"":""6806"",""position"":""RB"",""sport"":""nfl"",""status"":""Active"",""team"":""DEN"",""team_abbr"":"""",""team_changed_at"":"""",""years_exp"":""5""}",
1257071160403709956,10,111,12,8408,"{""first_name"":""Jordan"",""injury_status"":"""",""last_name"":""Mason"",""news_updated"":""1754789456022"",""number"":""27"",""player_id"":""8408"",""position"":""RB"",""sport"":""nfl"",""status"":""Active"",""team"":""MIN"",""team_abbr"":"""",""team_changed_at"":"""",""years_exp"":""3""}",
1257071160403709956,10,112,3,9753,"{""first_name"":""Zach"",""injury_status"":"""",""last_name"":""Charbonnet"",""news_updated"":""1755321909063"",""number"":""26"",""player_id"":""9753"",""position"":""RB"",""sport"":""nfl"",""status"":""Active"",""team"":""SEA"",""team_abbr"":"""",""team_changed_at"":"""",""years_exp"":""2""}",
1257071160403709956,10,113,10,7090,"{""first_name"":""Darnell"",""injury_status"":""Questionable"",""last_name"":""Mooney"",""news_updated"":""1756250718997"",""number"":""1"",""player_id"":""7090"",""position"":""WR"",""sport"":""nfl"",""status"":""Active"",""team"":""ATL"",""team_abbr"":"""",""team_changed_at"":"""",""years_exp"":""5""}",
1257071160403709956,10,114,6,11576,"{""first_name"":""Braelon"",""injury_status"":"""",""last_name"":""Allen"",""news_updated"":""1755403217875"",""number"":""0"",""player_id"":""11576"",""position"":""RB"",""sport"":""nfl"",""status"":""Active"",""team"":""NYJ"",""team_abbr"":"""",""team_changed_at"":"""",""years_exp"":""1""}",
1257071160403709956,10,115,8,5849,"{""first_name"":""Kyler"",""injury_status"":"""",""last_name"":""Murray"",""news_updated"":""1755795621555"",""number"":""1"",""player_id"":""5849"",""position"":""QB"",""sport"":""nfl"",""status"":""Active"",""team"":""ARI"",""team_abbr"":"""",""team_changed_at"":"""",""years_exp"":""6""}",
1257071160403709956,10,116,11,PHI,"{""first_name"":""Philadelphia"",""injury_status"":"""",""last_name"":""Eagles"",""news_updated"":"""",""number"":"""",""player_id"":""PHI"",""position"":""DEF"",""sport"":""nfl"",""status"":"""",""team"":""PHI"",""team_abbr"":"""",""team_changed_at"":"""",""years_exp"":""""}",
1257071160403709956,10,117,7,9500,"{""first_name"":""Josh"",""injury_status"":""Questionable"",""last_name"":""Downs"",""news_updated"":""1756150804183"",""number"":""1"",""player_id"":""9500"",""position"":""WR"",""sport"":""nfl"",""status"":""Active"",""team"":""IND"",""team_abbr"":"""",""team_changed_at"":"""",""years_exp"":""2""}",
1257071160403709956,10,118,2,12484,"{""first_name"":""Jayden"",""injury_status"":"""",""last_name"":""Higgins"",""news_updated"":""1755992742747"",""number"":""81"",""player_id"":""12484"",""position"":""WR"",""sport"":""nfl"",""status"":""Active"",""team"":""HOU"",""team_abbr"":"""",""team_changed_at"":"""",""years_exp"":""0""}",
1257071160403709956,10,119,9,6797,"{""first_name"":""Justin"",""injury_status"":"""",""last_name"":""Herbert"",""news_updated"":""1755817223498"",""number"":""10"",""player_id"":""6797"",""position"":""QB"",""sport"":""nfl"",""status"":""Active"",""team"":""LAC"",""team_abbr"":"""",""team_changed_at"":"""",""years_exp"":""5""}",
1257071160403709956,10,120,1,11637,"{""first_name"":""Keon"",""injury_status"":"""",""last_name"":""Coleman"",""news_updated"":""1755179441773"",""number"":""0"",""player_id"":""11637"",""position"":""WR"",""sport"":""nfl"",""status"":""Active"",""team"":""BUF"",""team_abbr"":"""",""team_changed_at"":"""",""years_exp"":""1""}",
1257071160403709956,11,121,1,11564,"{""first_name"":""Drake"",""injury_status"":"""",""last_name"":""Maye"",""news_updated"":""1755818724447"",""number"":""10"",""player_id"":""11564"",""position"":""QB"",""sport"":""nfl"",""status"":""Active"",""team"":""NE"",""team_abbr"":"""",""team_changed_at"":"""",""years_exp"":""1""}",
1257071160403709956,11,122,9,BAL,"{""first_name"":""Baltimore"",""injury_status"":"""",""last_name"":""Ravens"",""news_updated"":"""",""number"":"""",""player_id"":""BAL"",""position"":""DEF"",""sport"":""nfl"",""status"":"""",""team"":""BAL"",""team_abbr"":"""",""team_changed_at"":"""",""years_exp"":""""}",
1257071160403709956,11,123,2,DEN,"{""first_name"":""Denver"",""injury_status"":"""",""last_name"":""Broncos"",""news_updated"":"""",""number"":"""",""player_id"":""DEN"",""position"":""DEF"",""sport"":""nfl"",""status"":"""",""team"":""DEN"",""team_abbr"":"""",""team_changed_at"":"""",""years_exp"":""""}",
1257071160403709956,11,124,7,PIT,"{""first_name"":""Pittsburgh"",""injury_status"":"""",""last_name"":""Steelers"",""news_updated"":"""",""number"":"""",""player_id"":""PIT"",""position"":""DEF"",""sport"":""nfl"",""status"":"""",""team"":""PIT"",""team_abbr"":"""",""team_changed_at"":"""",""years_exp"":""""}",
1257071160403709956,11,125,11,11539,"{""first_name"":""Jake"",""injury_status"":"""",""last_name"":""Bates"",""news_updated"":""1754886605657"",""number"":""39"",""player_id"":""11539"",""position"":""K"",""sport"":""nfl"",""status"":""Active"",""team"":""DET"",""team_abbr"":"""",""team_changed_at"":"""",""years_exp"":""2""}",
1257071160403709956,11,126,8,7553,"{""first_name"":""Kyle"",""injury_status"":"""",""last_name"":""Pitts"",""news_updated"":""1753377338736"",""number"":""8"",""player_id"":""7553"",""position"":""TE"",""sport"":""nfl"",""status"":""Active"",""team"":""ATL"",""team_abbr"":"""",""team_changed_at"":"""",""years_exp"":""4""}",
1257071160403709956,11,127,6,4950,"{""first_name"":""Christian"",""injury_status"":"""",""last_name"":""Kirk"",""news_updated"":""1755435321256"",""number"":""13"",""player_id"":""4950"",""position"":""WR"",""sport"":""nfl"",""status"":""Active"",""team"":""HOU"",""team_abbr"":"""",""team_changed_at"":"""",""years_exp"":""7""}",
1257071160403709956,11,128,10,9758,"{""first_name"":""C.J."",""injury_status"":"""",""last_name"":""Stroud"",""news_updated"":""1755968140291"",""number"":""7"",""player_id"":""9758"",""position"":""QB"",""sport"":""nfl"",""status"":""Active"",""team"":""HOU"",""team_abbr"":"""",""team_changed_at"":"""",""years_exp"":""2""}",
1257071160403709956,11,129,3,6803,"{""first_name"":""Brandon"",""injury_status"":""PUP"",""last_name"":""Aiyuk"",""news_updated"":""1756243210596"",""number"":""11"",""player_id"":""6803"",""position"":""WR"",""sport"":""nfl"",""status"":""Active"",""team"":""SF"",""team_abbr"":"""",""team_changed_at"":"""",""years_exp"":""5""}",
1257071160403709956,11,130,12,3294,"{""first_name"":""Dak"",""injury_status"":"""",""last_name"":""Prescott"",""news_updated"":""1755556833204"",""number"":""4"",""player_id"":""3294"",""position"":""QB"",""sport"":""nfl"",""status"":""Active"",""team"":""DAL"",""team_abbr"":"""",""team_changed_at"":"""",""years_exp"":""9""}",
1257071160403709956,11,131,4,8676,"{""first_name"":""Rashid"",""injury_status"":"""",""last_name"":""Shaheed"",""news_updated"":""1755990042113"",""number"":""22"",""player_id"":""8676"",""position"":""WR"",""sport"":""nfl"",""status"":""Active"",""team"":""NO"",""team_abbr"":"""",""team_changed_at"":"""",""years_exp"":""3""}",
1257071160403709956,11,132,5,12457,"{""first_name"":""Jaydon"",""injury_status"":""Questionable"",""last_name"":""Blue"",""news_updated"":""1756150505292"",""number"":""34"",""player_id"":""12457"",""position"":""RB"",""sport"":""nfl"",""status"":""Active"",""team"":""DAL"",""team_abbr"":"""",""team_changed_at"":"""",""years_exp"":""0""}",
1257071160403709956,12,133,5,11589,"{""first_name"":""Trey"",""injury_status"":"""",""last_name"":""Benson"",""news_updated"":""1755577835722"",""number"":""33"",""player_id"":""11589"",""position"":""RB"",""sport"":""nfl"",""status"":""Active"",""team"":""ARI"",""team_abbr"":"""",""team_changed_at"":"""",""years_exp"":""1""}",
1257071160403709956,12,134,4,8259,"{""first_name"":""Cameron"",""injury_status"":"""",""last_name"":""Dicker"",""news_updated"":""1756014344561"",""number"":""11"",""player_id"":""8259"",""position"":""K"",""sport"":""nfl"",""status"":""Active"",""team"":""LAC"",""team_abbr"":"""",""team_changed_at"":"""",""years_exp"":""3""}",
1257071160403709956,12,135,12,7611,"{""first_name"":""Rhamondre"",""injury_status"":""Questionable"",""last_name"":""Stevenson"",""news_updated"":""1755880230800"",""number"":""38"",""player_id"":""7611"",""position"":""RB"",""sport"":""nfl"",""status"":""Active"",""team"":""NE"",""team_abbr"":"""",""team_changed_at"":"""",""years_exp"":""4""}",
1257071160403709956,12,136,3,MIN,"{""first_name"":""Minnesota"",""injury_status"":"""",""last_name"":""Vikings"",""news_updated"":"""",""number"":"""",""player_id"":""MIN"",""position"":""DEF"",""sport"":""nfl"",""status"":"""",""team"":""MIN"",""team_abbr"":"""",""team_changed_at"":"""",""years_exp"":""""}",
1257071160403709956,12,137,10,BUF,"{""first_name"":""Buffalo"",""injury_status"":"""",""last_name"":""Bills"",""news_updated"":"""",""number"":"""",""player_id"":""BUF"",""position"":""DEF"",""sport"":""nfl"",""status"":"""",""team"":""BUF"",""team_abbr"":"""",""team_changed_at"":"""",""years_exp"":""""}",
1257071160403709956,12,138,6,8110,"{""first_name"":""Jake"",""injury_status"":"""",""last_name"":""Ferguson"",""news_updated"":""1755905433636"",""number"":""87"",""player_id"":""8110"",""position"":""TE"",""sport"":""nfl"",""status"":""Active"",""team"":""DAL"",""team_abbr"":"""",""team_changed_at"":"""",""years_exp"":""3""}",
1257071160403709956,12,139,8,DET,"{""first_name"":""Detroit"",""injury_status"":"""",""last_name"":""Lions"",""news_updated"":"""",""number"":"""",""player_id"":""DET"",""position"":""DEF"",""sport"":""nfl"",""status"":"""",""team"":""DET"",""team_abbr"":"""",""team_changed_at"":"""",""years_exp"":""""}",
1257071160403709956,12,140,11,8183,"{""first_name"":""Brock"",""injury_status"":"""",""last_name"":""Purdy"",""news_updated"":""1755394816989"",""number"":""13"",""player_id"":""8183"",""position"":""QB"",""sport"":""nfl"",""status"":""Active"",""team"":""SF"",""team_abbr"":"""",""team_changed_at"":"""",""years_exp"":""3""}",
1257071160403709956,12,141,7,6804,"{""first_name"":""Jordan"",""injury_status"":""Questionable"",""last_name"":""Love"",""news_updated"":""1756019445740"",""number"":""10"",""player_id"":""6804"",""position"":""QB"",""sport"":""nfl"",""status"":""Active"",""team"":""GB"",""team_abbr"":"""",""team_changed_at"":"""",""years_exp"":""5""}",
1257071160403709956,12,142,2,1479,"{""first_name"":""Keenan"",""injury_status"":"""",""last_name"":""Allen"",""news_updated"":""1755270356632"",""number"":""13"",""player_id"":""1479"",""position"":""WR"",""sport"":""nfl"",""status"":""Active"",""team"":""LAC"",""team_abbr"":"""",""team_changed_at"":"""",""years_exp"":""12""}",
1257071160403709956,12,143,9,12533,"{""first_name"":""Jacory"",""injury_status"":"""",""last_name"":""Croskey-Merritt"",""news_updated"":""1755960638943"",""number"":""32"",""player_id"":""12533"",""position"":""RB"",""sport"":""nfl"",""status"":""Active"",""team"":""WAS"",""team_abbr"":"""",""team_changed_at"":"""",""years_exp"":""0""}",
1257071160403709956,12,144,1,12519,"{""first_name"":""Luther"",""injury_status"":"""",""last_name"":""Burden"",""news_updated"":""1754859902918"",""number"":""87"",""player_id"":""12519"",""position"":""WR"",""sport"":""nfl"",""status"":""Active"",""team"":""CHI"",""team_abbr"":"""",""team_changed_at"":"""",""years_exp"":""0""}",
1257071160403709956,13,145,1,6650,"{""first_name"":""Chase"",""injury_status"":"""",""last_name"":""McLaughlin"",""news_updated"":""1754909708054"",""number"":""4"",""player_id"":""6650"",""position"":""K"",""sport"":""nfl"",""status"":""Active"",""team"":""TB"",""team_abbr"":"""",""team_changed_at"":"""",""years_exp"":""6""}",
1257071160403709956,13,146,9,9494,"{""first_name"":""Marvin"",""injury_status"":"""",""last_name"":""Mims"",""news_updated"":""1754856902703"",""number"":""19"",""player_id"":""9494"",""position"":""WR"",""sport"":""nfl"",""status"":""Active"",""team"":""DEN"",""team_abbr"":"""",""team_changed_at"":"""",""years_exp"":""2""}",
1257071160403709956,13,147,2,8136,"{""first_name"":""Rachaad"",""injury_status"":""Questionable"",""last_name"":""White"",""news_updated"":""1754929511314"",""number"":""1"",""player_id"":""8136"",""position"":""RB"",""sport"":""nfl"",""status"":""Active"",""team"":""TB"",""team_abbr"":"""",""team_changed_at"":"""",""years_exp"":""3""}",
1257071160403709956,13,148,7,4144,"{""first_name"":""Jonnu"",""injury_status"":""Questionable"",""last_name"":""Smith"",""news_updated"":""1755970839534"",""number"":""81"",""player_id"":""4144"",""position"":""TE"",""sport"":""nfl"",""status"":""Active"",""team"":""PIT"",""team_abbr"":"""",""team_changed_at"":"""",""years_exp"":""8""}",
1257071160403709956,13,149,11,9225,"{""first_name"":""Tank"",""injury_status"":"""",""last_name"":""Bigsby"",""news_updated"":""1755464425490"",""number"":""4"",""player_id"":""9225"",""position"":""RB"",""sport"":""nfl"",""status"":""Active"",""team"":""JAX"",""team_abbr"":"""",""team_changed_at"":"""",""years_exp"":""2""}",
1257071160403709956,13,150,8,1945,"{""first_name"":""Chris"",""injury_status"":"""",""last_name"":""Boswell"",""news_updated"":""1754644841334"",""number"":""9"",""player_id"":""1945"",""position"":""K"",""sport"":""nfl"",""status"":""Active"",""team"":""PIT"",""team_abbr"":"""",""team_changed_at"":"""",""years_exp"":""11""}",
1257071160403709956,13,151,6,HOU,"{""first_name"":""Houston"",""injury_status"":"""",""last_name"":""Texans"",""news_updated"":"""",""number"":"""",""player_id"":""HOU"",""position"":""DEF"",""sport"":""nfl"",""status"":"""",""team"":""HOU"",""team_abbr"":"""",""team_changed_at"":"""",""years_exp"":""""}",
1257071160403709956,13,152,10,7528,"{""first_name"":""Najee"",""injury_status"":""Questionable"",""last_name"":""Harris"",""news_updated"":""1756257321427"",""number"":""22"",""player_id"":""7528"",""position"":""RB"",""sport"":""nfl"",""status"":""Active"",""team"":""LAC"",""team_abbr"":"""",""team_changed_at"":"""",""years_exp"":""4""}",
1257071160403709956,13,153,3,5022,"{""first_name"":""Dallas"",""injury_status"":""Questionable"",""last_name"":""Goedert"",""news_updated"":""1755618939838"",""number"":""88"",""player_id"":""5022"",""position"":""TE"",""sport"":""nfl"",""status"":""Active"",""team"":""PHI"",""team_abbr"":"""",""team_changed_at"":"""",""years_exp"":""7""}",
1257071160403709956,13,154,12,11565,"{""first_name"":""J.J."",""injury_status"":"""",""last_name"":""McCarthy"",""news_updated"":""1755206146455"",""number"":""9"",""player_id"":""11565"",""position"":""QB"",""sport"":""nfl"",""status"":""Active"",""team"":""MIN"",""team_abbr"":"""",""team_changed_at"":"""",""years_exp"":""1""}",
1257071160403709956,13,155,4,7571,"{""first_name"":""Rashod"",""injury_status"":"""",""last_name"":""Bateman"",""news_updated"":""1754211604729"",""number"":""7"",""player_id"":""7571"",""position"":""WR"",""sport"":""nfl"",""status"":""Active"",""team"":""BAL"",""team_abbr"":"""",""team_changed_at"":"""",""years_exp"":""4""}",
1257071160403709956,13,156,5,12469,"{""first_name"":""Dylan"",""injury_status"":"""",""last_name"":""Sampson"",""news_updated"":""1755990942166"",""number"":""22"",""player_id"":""12469"",""position"":""RB"",""sport"":""nfl"",""status"":""Active"",""team"":""CLE"",""team_abbr"":"""",""team_changed_at"":"""",""years_exp"":""0""}",
1257071160403709956,14,157,5,CHI,"{""first_name"":""Chicago"",""injury_status"":"""",""last_name"":""Bears"",""news_updated"":"""",""number"":"""",""player_id"":""CHI"",""position"":""DEF"",""sport"":""nfl"",""status"":"""",""team"":""CHI"",""team_abbr"":"""",""team_changed_at"":"""",""years_exp"":""""}",
1257071160403709956,14,158,4,1689,"{""first_name"":""Adam"",""injury_status"":"""",""last_name"":""Thielen"",""news_updated"":""1756178406098"",""number"":""19"",""player_id"":""1689"",""position"":""WR"",""sport"":""nfl"",""status"":""Active"",""team"":""CAR"",""team_abbr"":"""",""team_changed_at"":"""",""years_exp"":""12""}",
1257071160403709956,14,159,12,4195,"{""first_name"":""Jake"",""injury_status"":"""",""last_name"":""Elliott"",""news_updated"":""1739166303353"",""number"":""4"",""player_id"":""4195"",""position"":""K"",""sport"":""nfl"",""status"":""Active"",""team"":""PHI"",""team_abbr"":"""",""team_changed_at"":"""",""years_exp"":""8""}",
1257071160403709956,14,160,3,7523,"{""first_name"":""Trevor"",""injury_status"":"""",""last_name"":""Lawrence"",""news_updated"":""1755852628808"",""number"":""16"",""player_id"":""7523"",""position"":""QB"",""sport"":""nfl"",""status"":""Active"",""team"":""JAX"",""team_abbr"":"""",""team_changed_at"":"""",""years_exp"":""4""}",
1257071160403709956,14,161,10,1339,"{""first_name"":""Zach"",""injury_status"":"""",""last_name"":""Ertz"",""news_updated"":""1755964539498"",""number"":""86"",""player_id"":""1339"",""position"":""TE"",""sport"":""nfl"",""status"":""Active"",""team"":""WAS"",""team_abbr"":"""",""team_changed_at"":"""",""years_exp"":""12""}",
1257071160403709956,14,162,6,4666,"{""first_name"":""Younghoe"",""injury_status"":"""",""last_name"":""Koo"",""news_updated"":""1755993341717"",""number"":""6"",""player_id"":""4666"",""position"":""K"",""sport"":""nfl"",""status"":""Active"",""team"":""ATL"",""team_abbr"":"""",""team_changed_at"":"""",""years_exp"":""8""}",
1257071160403709956,14,163,8,8132,"{""first_name"":""Tyler"",""injury_status"":"""",""last_name"":""Allgeier"",""news_updated"":""1755033345681"",""number"":""25"",""player_id"":""8132"",""position"":""RB"",""sport"":""nfl"",""status"":""Active"",""team"":""ATL"",""team_abbr"":"""",""team_changed_at"":"""",""years_exp"":""3""}",
1257071160403709956,14,164,11,12509,"{""first_name"":""Tre'"",""injury_status"":""Questionable"",""last_name"":""Harris"",""news_updated"":""1755810624520"",""number"":""9"",""player_id"":""12509"",""position"":""WR"",""sport"":""nfl"",""status"":""Active"",""team"":""LAC"",""team_abbr"":"""",""team_changed_at"":"""",""years_exp"":""0""}",
1257071160403709956,14,165,7,4227,"{""first_name"":""Harrison"",""injury_status"":"""",""last_name"":""Butker"",""news_updated"":""1739475613580"",""number"":""7"",""player_id"":""4227"",""position"":""K"",""sport"":""nfl"",""status"":""Active"",""team"":""KC"",""team_abbr"":"""",""team_changed_at"":"""",""years_exp"":""8""}",
1257071160403709956,14,166,2,11626,"{""first_name"":""Xavier"",""injury_status"":"""",""last_name"":""Legette"",""news_updated"":""1755813924254"",""number"":""17"",""player_id"":""11626"",""position"":""WR"",""sport"":""nfl"",""status"":""Active"",""team"":""CAR"",""team_abbr"":"""",""team_changed_at"":"""",""years_exp"":""1""}",
1257071160403709956,14,167,9,9508,"{""first_name"":""Tyjae"",""injury_status"":""IR"",""last_name"":""Spears"",""news_updated"":""1756239309282"",""number"":""2"",""player_id"":""9508"",""position"":""RB"",""sport"":""nfl"",""status"":""Inactive"",""team"":""TEN"",""team_abbr"":"""",""team_changed_at"":"""",""years_exp"":""2""}",
1257071160403709956,14,168,1,GB,"{""first_name"":""Green Bay"",""injury_status"":"""",""last_name"":""Packers"",""news_updated"":"""",""number"":"""",""player_id"":""GB"",""position"":""DEF"",""sport"":""nfl"",""status"":"""",""team"":""GB"",""team_abbr"":"""",""team_changed_at"":"""",""years_exp"":""""}",
1257071160403709956,15,169,1,1426,"{""first_name"":""DeAndre"",""injury_status"":""Questionable"",""last_name"":""Hopkins"",""news_updated"":""1755632441138"",""number"":""10"",""player_id"":""1426"",""position"":""WR"",""sport"":""nfl"",""status"":""Active"",""team"":""BAL"",""team_abbr"":"""",""team_changed_at"":"""",""years_exp"":""12""}",
1257071160403709956,15,170,9,11786,"{""first_name"":""Cam"",""injury_status"":"""",""last_name"":""Little"",""news_updated"":""1756002043263"",""number"":""39"",""player_id"":""11786"",""position"":""K"",""sport"":""nfl"",""status"":""Active"",""team"":""JAX"",""team_abbr"":"""",""team_changed_at"":"""",""years_exp"":""1""}",
1257071160403709956,15,171,2,2309,"{""first_name"":""Amari"",""injury_status"":"""",""last_name"":""Cooper"",""news_updated"":""1756158904856"",""number"":""18"",""player_id"":""2309"",""position"":""WR"",""sport"":""nfl"",""status"":""Active"",""team"":""LV"",""team_abbr"":"""",""team_changed_at"":"""",""years_exp"":""10""}",
1257071160403709956,15,172,7,12490,"{""first_name"":""Bhayshul"",""injury_status"":"""",""last_name"":""Tuten"",""news_updated"":""1754798756628"",""number"":""33"",""player_id"":""12490"",""position"":""RB"",""sport"":""nfl"",""status"":""Active"",""team"":""JAX"",""team_abbr"":"""",""team_changed_at"":"""",""years_exp"":""0""}",
1257071160403709956,15,173,11,8131,"{""first_name"":""Isaiah"",""injury_status"":""Questionable"",""last_name"":""Likely"",""news_updated"":""1756252820970"",""number"":""80"",""player_id"":""8131"",""position"":""TE"",""sport"":""nfl"",""status"":""Active"",""team"":""BAL"",""team_abbr"":"""",""team_changed_at"":"""",""years_exp"":""3""}",
1257071160403709956,15,174,8,11651,"{""first_name"":""Isaac"",""injury_status"":"""",""last_name"":""Guerendo"",""news_updated"":""1756010744209"",""number"":""31"",""player_id"":""11651"",""position"":""RB"",""sport"":""nfl"",""status"":""Active"",""team"":""SF"",""team_abbr"":"""",""team_changed_at"":"""",""years_exp"":""1""}",
1257071160403709956,15,175,6,8143,"{""first_name"":""Jerome"",""injury_status"":"""",""last_name"":""Ford"",""news_updated"":""1755990942177"",""number"":""34"",""player_id"":""8143"",""position"":""RB"",""sport"":""nfl"",""status"":""Active"",""team"":""CLE"",""team_abbr"":"""",""team_changed_at"":"""",""years_exp"":""3""}",
1257071160403709956,15,176,10,7042,"{""first_name"":""Tyler"",""injury_status"":"""",""last_name"":""Bass"",""news_updated"":""1756008944144"",""number"":""2"",""player_id"":""7042"",""position"":""K"",""sport"":""nfl"",""status"":""Active"",""team"":""BUF"",""team_abbr"":"""",""team_changed_at"":"""",""years_exp"":""5""}",
1257071160403709956,15,177,3,7839,"{""first_name"":""Evan"",""injury_status"":"""",""last_name"":""McPherson"",""news_updated"":""1755986742141"",""number"":""2"",""player_id"":""7839"",""position"":""K"",""sport"":""nfl"",""status"":""Active"",""team"":""CIN"",""team_abbr"":"""",""team_changed_at"":"""",""years_exp"":""4""}",
1257071160403709956,15,178,12,WAS,"{""first_name"":""Washington"",""injury_status"":"""",""last_name"":""Commanders"",""news_updated"":"""",""number"":"""",""player_id"":""WAS"",""position"":""DEF"",""sport"":""nfl"",""status"":"""",""team"":""WAS"",""team_abbr"":"""",""team_changed_at"":"""",""years_exp"":""""}",
1257071160403709956,15,179,4,ARI,"{""first_name"":""Arizona"",""injury_status"":"""",""last_name"":""Cardinals"",""news_updated"":"""",""number"":"""",""player_id"":""ARI"",""position"":""DEF"",""sport"":""nfl"",""status"":"""",""team"":""ARI"",""team_abbr"":"""",""team_changed_at"":"""",""years_exp"":""""}",
1257071160403709956,15,180,5,12711,"{""first_name"":""Tyler"",""injury_status"":"""",""last_name"":""Loop"",""news_updated"":""1755404717912"",""number"":""33"",""player_id"":""12711"",""position"":""K"",""sport"":""nfl"",""status"":""Active"",""team"":""BAL"",""team_abbr"":"""",""team_changed_at"":"""",""years_exp"":""0""}",
